{"method": "echo", "model": "deepseek-ai/DeepSeek-V3.2", "k_analysts": 3, "use_ground_truth": false, "n_samples": 126, "metrics_tol0": {"total": 126, "agent_accuracy": 0.6428571428571429, "step_accuracy": 0.36507936507936506, "agent_correct": 81, "step_correct": 46}, "metrics_tol1": {"total": 126, "agent_accuracy": 0.6428571428571429, "step_accuracy": 0.4603174603174603, "agent_correct": 81, "step_correct": 58}, "metrics_tol2": {"total": 126, "agent_accuracy": 0.6428571428571429, "step_accuracy": 0.5555555555555556, "agent_correct": 81, "step_correct": 70}}
