{
  "method": "baseline",
  "model": "deepseek-reasoner",
  "dataset": "AG",
  "total_samples": 126,
  "completed_samples": 126,
  "missing_sample_count": 0,
  "missing_samples": [],
  "successful_samples": 125,
  "failed_sample_count": 1,
  "failed_samples": [
    {
      "sample_id": "31",
      "file": "/mnt/data/share/cy_home/workplace/FA4MAS/data/Algorithm-Generated/31.json",
      "error_type": "BadRequestError",
      "error_message": "Error code: 400 - {'error': {'message': 'Content Exists Risk', 'type': 'invalid_request_error', 'param': None, 'code': 'invalid_request_error'}}"
    }
  ],
  "agent_accuracy": 0.6190476190476191,
  "step_accuracy": 0.14285714285714285,
  "step_accuracy_with_tolerance": {
    "±0": 0.14285714285714285,
    "±1": 0.6428571428571429,
    "±2": 0.7063492063492064,
    "±3": 0.8174603174603174,
    "±4": 0.8412698412698413,
    "±5": 0.8888888888888888
  },
  "prompt_tokens": 343941,
  "completion_tokens": 257167,
  "total_tokens": 601108,
  "badcase_count": 122,
  "badcase_samples": [
    "1",
    "2",
    "3",
    "4",
    "5",
    "6",
    "7",
    "8",
    "9",
    "10",
    "11",
    "12",
    "13",
    "14",
    "15",
    "16",
    "17",
    "18",
    "19",
    "20",
    "21",
    "22",
    "23",
    "24",
    "25",
    "26",
    "27",
    "29",
    "30",
    "31",
    "33",
    "34",
    "35",
    "36",
    "37",
    "38",
    "39",
    "40",
    "41",
    "42",
    "43",
    "44",
    "45",
    "46",
    "47",
    "48",
    "49",
    "50",
    "51",
    "52",
    "53",
    "54",
    "55",
    "56",
    "57",
    "58",
    "59",
    "60",
    "61",
    "62",
    "63",
    "64",
    "65",
    "66",
    "67",
    "68",
    "69",
    "70",
    "71",
    "72",
    "73",
    "74",
    "75",
    "76",
    "77",
    "78",
    "79",
    "80",
    "81",
    "82",
    "84",
    "85",
    "86",
    "87",
    "88",
    "89",
    "90",
    "91",
    "92",
    "93",
    "94",
    "96",
    "97",
    "98",
    "99",
    "100",
    "101",
    "102",
    "103",
    "104",
    "105",
    "106",
    "107",
    "108",
    "109",
    "110",
    "111",
    "112",
    "113",
    "114",
    "115",
    "116",
    "117",
    "118",
    "119",
    "120",
    "121",
    "122",
    "123",
    "124",
    "125",
    "126"
  ],
  "method_params": {
    "use_ground_truth_in_prompt": false,
    "step_tolerances": [
      0,
      1,
      2,
      3,
      4,
      5
    ]
  },
  "resumed": true,
  "run_timestamp": "20260406_235712",
  "existing_samples_before_run": 30,
  "newly_processed_samples": 96,
  "per_sample_path": "/mnt/data/share/cy_home/workplace/FA4MAS/results/experiments/baseline/AG/20260406_235712/samples.jsonl",
  "badcase_folder": "/mnt/data/share/cy_home/workplace/FA4MAS/results/badcases/baseline/AG/20260406_235712",
  "timestamp": "20260406_235712"
}