{
  "method": "binary_search",
  "model": "deepseek-reasoner",
  "dataset": "AG",
  "total_samples": 126,
  "agent_accuracy": 0.49206349206349204,
  "step_accuracy": 0.30158730158730157,
  "step_accuracy_with_tolerance": {
    "±0": 0.30158730158730157,
    "±1": 0.5238095238095238,
    "±2": 0.6666666666666666,
    "±3": 0.7380952380952381,
    "±4": 0.8095238095238095,
    "±5": 0.8968253968253969
  },
  "prompt_tokens": 884127,
  "completion_tokens": 395440,
  "total_tokens": 1279567,
  "badcase_count": 88,
  "badcase_samples": [
    "4",
    "5",
    "7",
    "8",
    "9",
    "10",
    "11",
    "12",
    "13",
    "14",
    "15",
    "16",
    "17",
    "18",
    "20",
    "25",
    "26",
    "27",
    "28",
    "29",
    "30",
    "31",
    "33",
    "34",
    "35",
    "36",
    "37",
    "38",
    "39",
    "40",
    "41",
    "42",
    "44",
    "45",
    "46",
    "47",
    "48",
    "54",
    "55",
    "56",
    "58",
    "59",
    "60",
    "61",
    "62",
    "64",
    "67",
    "68",
    "69",
    "72",
    "73",
    "74",
    "78",
    "79",
    "81",
    "82",
    "83",
    "84",
    "85",
    "86",
    "87",
    "89",
    "90",
    "91",
    "93",
    "94",
    "96",
    "98",
    "99",
    "100",
    "102",
    "104",
    "105",
    "107",
    "108",
    "109",
    "110",
    "111",
    "112",
    "113",
    "114",
    "116",
    "120",
    "121",
    "123",
    "124",
    "125",
    "126"
  ],
  "method_params": {
    "use_ground_truth_in_prompt": false,
    "step_tolerances": [
      0,
      1,
      2,
      3,
      4,
      5
    ]
  },
  "per_sample_path": "/mnt/data/share/cy_home/workplace/FA4MAS/results/experiments/binary_search/AG/20260406_235712/samples.jsonl",
  "badcase_folder": "/mnt/data/share/cy_home/workplace/FA4MAS/results/badcases/binary_search/AG/20260406_235712",
  "timestamp": "20260406_235712"
}