{"method": "echo", "model": "deepseek-ai/DeepSeek-V3.2", "k_analysts": 3, "use_ground_truth": false, "n_samples": 126, "metrics_tol0": {"total": 126, "agent_accuracy": 0.5952380952380952, "step_accuracy": 0.38095238095238093, "agent_correct": 75, "step_correct": 48}, "metrics_tol1": {"total": 126, "agent_accuracy": 0.5952380952380952, "step_accuracy": 0.49206349206349204, "agent_correct": 75, "step_correct": 62}, "metrics_tol2": {"total": 126, "agent_accuracy": 0.5952380952380952, "step_accuracy": 0.6031746031746031, "agent_correct": 75, "step_correct": 76}}
